{"cameraMode":{"drawMode":0,"name":"Shaded","section":"Shading Mode"},"sceneLighting":false,"audioPlay":false,"sceneViewState":{"showFog":true,"showMaterialUpdate":false,"showSkybox":false,"showFlares":true,"showImageEffects":true,"showParticleSystems":true},"in2DMode":false,"pivot":{"x":0.0,"y":0.890404462814331,"z":-0.04591098427772522},"rotation":{"x":0.15448112785816194,"y":-0.06103263422846794,"z":0.009561324492096901,"w":0.9860624670982361},"size":4.792866230010986,"orthographic":false}