{"cameraMode":{"drawMode":0,"name":"Shaded","section":"Shading Mode"},"sceneLighting":true,"audioPlay":false,"sceneViewState":{"showFog":true,"showMaterialUpdate":false,"showSkybox":true,"showFlares":true,"showImageEffects":true,"showParticleSystems":true},"in2DMode":false,"pivot":{"x":-14.155784606933594,"y":-10.817643165588379,"z":-98.29017639160156},"rotation":{"x":-0.32837408781051638,"y":-0.6435999274253845,"z":0.3569663166999817,"w":-0.5920512080192566},"size":57.21836853027344,"orthographic":true}