{"cameraMode":{"drawMode":0,"name":"Shaded","section":"Shading Mode"},"sceneLighting":false,"audioPlay":false,"sceneViewState":{"showFog":true,"showMaterialUpdate":false,"showSkybox":false,"showFlares":true,"showImageEffects":true,"showParticleSystems":true},"in2DMode":false,"pivot":{"x":0.008058488368988037,"y":0.8850775957107544,"z":-0.001094430685043335},"rotation":{"x":-0.13541889190673829,"y":-0.030302338302135469,"z":0.004145000129938126,"w":-0.9903162717819214},"size":4.233051300048828,"orthographic":false}