{"cameraMode":{"drawMode":0,"name":"Shaded","section":"Shading Mode"},"sceneLighting":true,"audioPlay":false,"sceneViewState":{"showFog":true,"showMaterialUpdate":false,"showSkybox":true,"showFlares":true,"showImageEffects":true,"showParticleSystems":true},"in2DMode":false,"pivot":{"x":-12.158919334411621,"y":1.8148887157440186,"z":-102.37337493896485},"rotation":{"x":0.11320093274116516,"y":-0.7478869557380676,"z":0.13215500116348267,"w":0.6406135559082031},"size":11.388225555419922,"orthographic":false}