{"cameraMode":{"drawMode":0,"name":"Shaded","section":"Shading Mode"},"sceneLighting":true,"audioPlay":false,"sceneViewState":{"showFog":true,"showMaterialUpdate":false,"showSkybox":true,"showFlares":true,"showImageEffects":true,"showParticleSystems":true},"in2DMode":false,"pivot":{"x":176.5803680419922,"y":1.1930209398269654,"z":46.392887115478519},"rotation":{"x":0.03384814411401749,"y":-0.9510537981987,"z":0.11265075951814652,"w":0.28576359152793887},"size":483.333984375,"orthographic":false}