{"cameraMode":{"drawMode":0,"name":"Shaded","section":"Shading Mode"},"sceneLighting":true,"audioPlay":false,"sceneViewState":{"showFog":true,"showMaterialUpdate":false,"showSkybox":true,"showFlares":true,"showImageEffects":true,"showParticleSystems":true},"in2DMode":false,"pivot":{"x":-17.765676498413087,"y":-13.029071807861329,"z":-97.28993225097656},"rotation":{"x":-0.32837408781051638,"y":-0.6435999274253845,"z":0.3569663166999817,"w":-0.5920512080192566},"size":23.365236282348634,"orthographic":true}