{"cameraMode":{"drawMode":0,"name":"Shaded","section":"Shading Mode"},"sceneLighting":true,"audioPlay":false,"sceneViewState":{"showFog":true,"showMaterialUpdate":false,"showSkybox":true,"showFlares":true,"showImageEffects":true,"showParticleSystems":true},"in2DMode":false,"pivot":{"x":55.9675407409668,"y":1.5633054971694947,"z":6.774212837219238},"rotation":{"x":-0.005060881841927767,"y":0.0973367989063263,"z":0.0004926591645926237,"w":0.9952385425567627},"size":2.988276243209839,"orthographic":false}