{"cameraMode":{"drawMode":0,"name":"Shaded","section":"Shading Mode"},"sceneLighting":false,"audioPlay":false,"sceneViewState":{"showFog":true,"showMaterialUpdate":false,"showSkybox":false,"showFlares":true,"showImageEffects":true,"showParticleSystems":true},"in2DMode":false,"pivot":{"x":-0.0037478208541870119,"y":0.9006795883178711,"z":0.025508657097816469},"rotation":{"x":-0.4397676885128021,"y":0.014287848025560379,"z":-0.006996976677328348,"w":-0.8979706764221191},"size":3.548133611679077,"orthographic":false}