{"cameraMode":{"drawMode":0,"name":"Shaded","section":"Shading Mode"},"sceneLighting":true,"audioPlay":false,"sceneViewState":{"showFog":true,"showMaterialUpdate":false,"showSkybox":true,"showFlares":true,"showImageEffects":true,"showParticleSystems":true},"in2DMode":false,"pivot":{"x":0.29199331998825076,"y":0.9290922284126282,"z":-5.4066162109375},"rotation":{"x":0.02730635553598404,"y":-0.8083892464637756,"z":0.03761722147464752,"w":0.5868101119995117},"size":3.8433244228363039,"orthographic":false}