{"cameraMode":{"drawMode":0,"name":"Shaded","section":"Shading Mode"},"sceneLighting":true,"audioPlay":false,"sceneViewState":{"showFog":true,"showMaterialUpdate":false,"showSkybox":true,"showFlares":true,"showImageEffects":true,"showParticleSystems":true},"in2DMode":false,"pivot":{"x":-1.4253233671188355,"y":6.910390377044678,"z":-1.322152853012085},"rotation":{"x":-0.09576752036809921,"y":-0.7804649472236633,"z":0.12347020953893662,"w":-0.605357825756073},"size":13.330765724182129,"orthographic":false}