{"cameraMode":{"drawMode":0,"name":"Shaded","section":"Shading Mode"},"sceneLighting":true,"audioPlay":false,"sceneViewState":{"showFog":true,"showMaterialUpdate":false,"showSkybox":true,"showFlares":true,"showImageEffects":true,"showParticleSystems":true},"in2DMode":false,"pivot":{"x":19.17475128173828,"y":3.045684814453125,"z":47.72822189331055},"rotation":{"x":-0.4397676885128021,"y":0.014287848025560379,"z":-0.006996976677328348,"w":-0.8979706764221191},"size":178.74533081054688,"orthographic":false}