{"cameraMode":{"drawMode":0,"name":"Shaded","section":"Shading Mode"},"sceneLighting":true,"audioPlay":false,"sceneViewState":{"showFog":true,"showMaterialUpdate":false,"showSkybox":true,"showFlares":true,"showImageEffects":true,"showParticleSystems":true},"in2DMode":false,"pivot":{"x":-109.21987915039063,"y":44.9149169921875,"z":7.807960510253906},"rotation":{"x":0.06421159952878952,"y":0.6246359944343567,"z":-0.05164971202611923,"w":0.7765558958053589},"size":-2.5969157218933107,"orthographic":false}